<Anims>
 <anim name="BUILD" root="swap_dreadsword" numframes="1000" framerate="40">
  <frame idx="0" w="224" h="641" x="-4.112907" y="-127.526489">
   <element name="swap_dreadsword" layername="swap_dreadsword" frame="0" z_index="1" m_a="1.000000" m_b="0.000000" m_c="0.000000" m_d="1.000000" m_tx="0.974307" m_ty="-0.280278"/>
  </frame>
  <frame idx="25" w="105" h="251" x="103.999359" y="226.653748">
   <element name="swap_dreadsword" layername="swap_dreadsword" frame="0" z_index="1" m_a="1.000000" m_b="0.000000" m_c="0.000000" m_d="1.000000" m_tx="109.086571" m_ty="353.899963"/>
  </frame>
  <frame idx="50" w="105" h="251" x="103.999359" y="226.653748">
   <element name="swap_dreadsword" layername="swap_dreadsword" frame="0" z_index="1" m_a="1.000000" m_b="0.000000" m_c="0.000000" m_d="1.000000" m_tx="109.086571" m_ty="353.899963"/>
  </frame>
  <frame idx="75" w="105" h="251" x="103.999359" y="226.653748">
   <element name="swap_dreadsword" layername="swap_dreadsword" frame="0" z_index="1" m_a="1.000000" m_b="0.000000" m_c="0.000000" m_d="1.000000" m_tx="109.086571" m_ty="353.899963"/>
  </frame>
  <frame idx="100" w="105" h="251" x="103.999359" y="226.653748">
   <element name="swap_dreadsword" layername="swap_dreadsword" frame="0" z_index="1" m_a="1.000000" m_b="0.000000" m_c="0.000000" m_d="1.000000" m_tx="109.086571" m_ty="353.899963"/>
  </frame>
  <frame idx="125" w="105" h="251" x="103.999359" y="226.653748">
   <element name="swap_dreadsword" layername="swap_dreadsword" frame="0" z_index="1" m_a="1.000000" m_b="0.000000" m_c="0.000000" m_d="1.000000" m_tx="109.086571" m_ty="353.899963"/>
  </frame>
  <frame idx="150" w="105" h="251" x="103.999359" y="226.653748">
   <element name="swap_dreadsword" layername="swap_dreadsword" frame="0" z_index="1" m_a="1.000000" m_b="0.000000" m_c="0.000000" m_d="1.000000" m_tx="109.086571" m_ty="353.899963"/>
  </frame>
  <frame idx="175" w="105" h="251" x="103.999359" y="226.653748">
   <element name="swap_dreadsword" layername="swap_dreadsword" frame="0" z_index="1" m_a="1.000000" m_b="0.000000" m_c="0.000000" m_d="1.000000" m_tx="109.086571" m_ty="353.899963"/>
  </frame>
  <frame idx="200" w="105" h="251" x="103.999359" y="226.653748">
   <element name="swap_dreadsword" layername="swap_dreadsword" frame="0" z_index="1" m_a="1.000000" m_b="0.000000" m_c="0.000000" m_d="1.000000" m_tx="109.086571" m_ty="353.899963"/>
  </frame>
  <frame idx="225" w="105" h="251" x="103.999359" y="226.653748">
   <element name="swap_dreadsword" layername="swap_dreadsword" frame="0" z_index="1" m_a="1.000000" m_b="0.000000" m_c="0.000000" m_d="1.000000" m_tx="109.086571" m_ty="353.899963"/>
  </frame>
  <frame idx="250" w="105" h="251" x="103.999359" y="226.653748">
   <element name="swap_dreadsword" layername="swap_dreadsword" frame="0" z_index="1" m_a="1.000000" m_b="0.000000" m_c="0.000000" m_d="1.000000" m_tx="109.086571" m_ty="353.899963"/>
  </frame>
  <frame idx="275" w="105" h="251" x="103.999359" y="226.653748">
   <element name="swap_dreadsword" layername="swap_dreadsword" frame="0" z_index="1" m_a="1.000000" m_b="0.000000" m_c="0.000000" m_d="1.000000" m_tx="109.086571" m_ty="353.899963"/>
  </frame>
  <frame idx="300" w="105" h="251" x="103.999359" y="226.653748">
   <element name="swap_dreadsword" layername="swap_dreadsword" frame="0" z_index="1" m_a="1.000000" m_b="0.000000" m_c="0.000000" m_d="1.000000" m_tx="109.086571" m_ty="353.899963"/>
  </frame>
  <frame idx="325" w="105" h="251" x="103.999359" y="226.653748">
   <element name="swap_dreadsword" layername="swap_dreadsword" frame="0" z_index="1" m_a="1.000000" m_b="0.000000" m_c="0.000000" m_d="1.000000" m_tx="109.086571" m_ty="353.899963"/>
  </frame>
  <frame idx="350" w="105" h="251" x="103.999359" y="226.653748">
   <element name="swap_dreadsword" layername="swap_dreadsword" frame="0" z_index="1" m_a="1.000000" m_b="0.000000" m_c="0.000000" m_d="1.000000" m_tx="109.086571" m_ty="353.899963"/>
  </frame>
  <frame idx="375" w="105" h="251" x="103.999359" y="226.653748">
   <element name="swap_dreadsword" layername="swap_dreadsword" frame="0" z_index="1" m_a="1.000000" m_b="0.000000" m_c="0.000000" m_d="1.000000" m_tx="109.086571" m_ty="353.899963"/>
  </frame>
  <frame idx="400" w="105" h="251" x="103.999359" y="226.653748">
   <element name="swap_dreadsword" layername="swap_dreadsword" frame="0" z_index="1" m_a="1.000000" m_b="0.000000" m_c="0.000000" m_d="1.000000" m_tx="109.086571" m_ty="353.899963"/>
  </frame>
  <frame idx="425" w="105" h="251" x="103.999359" y="226.653748">
   <element name="swap_dreadsword" layername="swap_dreadsword" frame="0" z_index="1" m_a="1.000000" m_b="0.000000" m_c="0.000000" m_d="1.000000" m_tx="109.086571" m_ty="353.899963"/>
  </frame>
  <frame idx="450" w="105" h="251" x="103.999359" y="226.653748">
   <element name="swap_dreadsword" layername="swap_dreadsword" frame="0" z_index="1" m_a="1.000000" m_b="0.000000" m_c="0.000000" m_d="1.000000" m_tx="109.086571" m_ty="353.899963"/>
  </frame>
  <frame idx="475" w="105" h="251" x="103.999359" y="226.653748">
   <element name="swap_dreadsword" layername="swap_dreadsword" frame="0" z_index="1" m_a="1.000000" m_b="0.000000" m_c="0.000000" m_d="1.000000" m_tx="109.086571" m_ty="353.899963"/>
  </frame>
  <frame idx="500" w="105" h="251" x="103.999359" y="226.653748">
   <element name="swap_dreadsword" layername="swap_dreadsword" frame="0" z_index="1" m_a="1.000000" m_b="0.000000" m_c="0.000000" m_d="1.000000" m_tx="109.086571" m_ty="353.899963"/>
  </frame>
  <frame idx="525" w="105" h="251" x="103.999359" y="226.653748">
   <element name="swap_dreadsword" layername="swap_dreadsword" frame="0" z_index="1" m_a="1.000000" m_b="0.000000" m_c="0.000000" m_d="1.000000" m_tx="109.086571" m_ty="353.899963"/>
  </frame>
  <frame idx="550" w="105" h="251" x="103.999359" y="226.653748">
   <element name="swap_dreadsword" layername="swap_dreadsword" frame="0" z_index="1" m_a="1.000000" m_b="0.000000" m_c="0.000000" m_d="1.000000" m_tx="109.086571" m_ty="353.899963"/>
  </frame>
  <frame idx="575" w="105" h="251" x="103.999359" y="226.653748">
   <element name="swap_dreadsword" layername="swap_dreadsword" frame="0" z_index="1" m_a="1.000000" m_b="0.000000" m_c="0.000000" m_d="1.000000" m_tx="109.086571" m_ty="353.899963"/>
  </frame>
  <frame idx="600" w="105" h="251" x="103.999359" y="226.653748">
   <element name="swap_dreadsword" layername="swap_dreadsword" frame="0" z_index="1" m_a="1.000000" m_b="0.000000" m_c="0.000000" m_d="1.000000" m_tx="109.086571" m_ty="353.899963"/>
  </frame>
  <frame idx="625" w="105" h="251" x="103.999359" y="226.653748">
   <element name="swap_dreadsword" layername="swap_dreadsword" frame="0" z_index="1" m_a="1.000000" m_b="0.000000" m_c="0.000000" m_d="1.000000" m_tx="109.086571" m_ty="353.899963"/>
  </frame>
  <frame idx="650" w="105" h="251" x="103.999359" y="226.653748">
   <element name="swap_dreadsword" layername="swap_dreadsword" frame="0" z_index="1" m_a="1.000000" m_b="0.000000" m_c="0.000000" m_d="1.000000" m_tx="109.086571" m_ty="353.899963"/>
  </frame>
  <frame idx="675" w="105" h="251" x="103.999359" y="226.653748">
   <element name="swap_dreadsword" layername="swap_dreadsword" frame="0" z_index="1" m_a="1.000000" m_b="0.000000" m_c="0.000000" m_d="1.000000" m_tx="109.086571" m_ty="353.899963"/>
  </frame>
  <frame idx="700" w="105" h="251" x="103.999359" y="226.653748">
   <element name="swap_dreadsword" layername="swap_dreadsword" frame="0" z_index="1" m_a="1.000000" m_b="0.000000" m_c="0.000000" m_d="1.000000" m_tx="109.086571" m_ty="353.899963"/>
  </frame>
  <frame idx="725" w="105" h="251" x="103.999359" y="226.653748">
   <element name="swap_dreadsword" layername="swap_dreadsword" frame="0" z_index="1" m_a="1.000000" m_b="0.000000" m_c="0.000000" m_d="1.000000" m_tx="109.086571" m_ty="353.899963"/>
  </frame>
  <frame idx="750" w="105" h="251" x="103.999359" y="226.653748">
   <element name="swap_dreadsword" layername="swap_dreadsword" frame="0" z_index="1" m_a="1.000000" m_b="0.000000" m_c="0.000000" m_d="1.000000" m_tx="109.086571" m_ty="353.899963"/>
  </frame>
  <frame idx="775" w="105" h="251" x="103.999359" y="226.653748">
   <element name="swap_dreadsword" layername="swap_dreadsword" frame="0" z_index="1" m_a="1.000000" m_b="0.000000" m_c="0.000000" m_d="1.000000" m_tx="109.086571" m_ty="353.899963"/>
  </frame>
  <frame idx="800" w="105" h="251" x="103.999359" y="226.653748">
   <element name="swap_dreadsword" layername="swap_dreadsword" frame="0" z_index="1" m_a="1.000000" m_b="0.000000" m_c="0.000000" m_d="1.000000" m_tx="109.086571" m_ty="353.899963"/>
  </frame>
  <frame idx="825" w="105" h="251" x="103.999359" y="226.653748">
   <element name="swap_dreadsword" layername="swap_dreadsword" frame="0" z_index="1" m_a="1.000000" m_b="0.000000" m_c="0.000000" m_d="1.000000" m_tx="109.086571" m_ty="353.899963"/>
  </frame>
  <frame idx="850" w="105" h="251" x="103.999359" y="226.653748">
   <element name="swap_dreadsword" layername="swap_dreadsword" frame="0" z_index="1" m_a="1.000000" m_b="0.000000" m_c="0.000000" m_d="1.000000" m_tx="109.086571" m_ty="353.899963"/>
  </frame>
  <frame idx="875" w="105" h="251" x="103.999359" y="226.653748">
   <element name="swap_dreadsword" layername="swap_dreadsword" frame="0" z_index="1" m_a="1.000000" m_b="0.000000" m_c="0.000000" m_d="1.000000" m_tx="109.086571" m_ty="353.899963"/>
  </frame>
  <frame idx="900" w="105" h="251" x="103.999359" y="226.653748">
   <element name="swap_dreadsword" layername="swap_dreadsword" frame="0" z_index="1" m_a="1.000000" m_b="0.000000" m_c="0.000000" m_d="1.000000" m_tx="109.086571" m_ty="353.899963"/>
  </frame>
  <frame idx="925" w="105" h="251" x="103.999359" y="226.653748">
   <element name="swap_dreadsword" layername="swap_dreadsword" frame="0" z_index="1" m_a="1.000000" m_b="0.000000" m_c="0.000000" m_d="1.000000" m_tx="109.086571" m_ty="353.899963"/>
  </frame>
  <frame idx="950" w="105" h="251" x="103.999359" y="226.653748">
   <element name="swap_dreadsword" layername="swap_dreadsword" frame="0" z_index="1" m_a="1.000000" m_b="0.000000" m_c="0.000000" m_d="1.000000" m_tx="109.086571" m_ty="353.899963"/>
  </frame>
  <frame idx="975" w="105" h="251" x="103.999359" y="226.653748">
   <element name="swap_dreadsword" layername="swap_dreadsword" frame="0" z_index="1" m_a="1.000000" m_b="0.000000" m_c="0.000000" m_d="1.000000" m_tx="109.086571" m_ty="353.899963"/>
  </frame>
 </anim>
</Anims>
